hour,session_duration,user,country,label_attack
6,287.39899809749437,eve,FR,0
19,243.14761276284526,charlie,US,0
14,206.6550014477023,bob,FR,0
10,132.92186131307398,alice,FR,0
2,1548.4059677636708,alice,FR,1
20,346.52835434933485,david,US,0
6,328.30128631187046,charlie,US,0
18,208.21414180963154,charlie,UK,0
22,362.32956870671575,alice,IL,0
10,258.10703830107883,eve,IL,0
10,245.58579035149475,bob,UK,0
23,256.762065881809,eve,UK,0
20,304.7045353503646,eve,FR,0
3,210.91790570897567,alice,UK,0
7,297.7778451768529,alice,DE,0
23,325.7668947230202,alice,IL,0
2,366.4394337746169,david,UK,0
21,310.55739943327467,eve,DE,0
20,219.6222901083725,charlie,DE,0
1,308.9334136591334,bob,DE,0
23,236.3845035632328,david,DE,0
11,232.92329061798296,charlie,FR,0
5,218.23778378760124,eve,DE,0
1,185.32477920635856,alice,FR,0
20,265.97020992387627,eve,FR,0
0,367.7333245828145,bob,DE,0
11,435.3890409256525,david,IL,0
21,265.58489049959434,david,DE,0
11,365.1663316061793,bob,DE,0
16,276.3250609058043,charlie,DE,0
9,200.95585683308633,charlie,IL,0
15,342.0565356867646,david,US,0
14,314.088845207734,david,US,0
14,409.08117647766693,alice,FR,0
18,207.91929108103466,charlie,FR,0
11,467.7619625001166,bob,IL,0
22,395.50303939128935,charlie,UK,0
19,298.92458558628874,alice,US,0
2,282.0817324920889,david,FR,0
4,257.051407867883,david,US,0
18,306.5839583512676,alice,IL,0
6,288.9638306754613,bob,IL,0
20,330.82772481483664,david,UK,0
8,282.3380003389017,eve,UK,0
6,384.89782148979975,david,IL,0
17,307.5027618699868,eve,FR,0
3,284.5909783244561,alice,US,0
13,361.4571949067634,alice,DE,0
17,202.64858218813487,david,UK,0
8,320.459301136628,charlie,DE,0
20,301.534280184566,eve,FR,0
1,215.34896817565303,bob,UK,0
19,197.48980322588955,david,DE,0
14,360.62070017649467,bob,FR,0
6,357.7674414210416,david,US,0
11,310.35350577806156,charlie,FR,0
7,402.99946658728345,charlie,UK,0
14,326.45809091167615,charlie,IL,0
2,374.98831916467293,charlie,US,0
2,1626.097376155356,alice,DE,1
16,283.4514260638805,alice,UK,0
3,236.54812491399946,eve,IL,0
17,263.79382470583425,bob,FR,0
7,284.5726637251669,david,IL,0
3,381.78918612640234,david,UK,0
1,346.1951735117798,alice,UK,0
5,319.819144094557,david,IL,0
21,352.2005944538445,alice,FR,0
9,331.64302294154896,eve,IL,0
3,315.7162566664096,bob,UK,0
21,210.08043590958272,eve,UK,0
17,368.34945437170063,charlie,DE,0
11,272.48928914841144,charlie,DE,0
1,365.3124166573526,charlie,US,0
9,371.1126174906534,eve,UK,0
3,259.7976483866792,david,DE,0
13,356.98296483575626,bob,IL,0
15,278.34075124464607,charlie,FR,0
14,278.69806034119654,charlie,IL,0
4,1577.2419703747973,charlie,FR,1
13,317.0683553501724,bob,DE,0
22,302.3130909210535,charlie,US,0
7,219.9427190666426,bob,IL,0
20,292.71320163093964,charlie,IL,0
15,436.7087236913044,eve,IL,0
12,132.95974627187866,eve,FR,0
17,352.1844264137048,bob,DE,0
14,363.42749600137853,eve,IL,0
20,218.49913684283086,bob,IL,0
23,271.8336651954272,eve,US,0
12,239.95697052339932,eve,US,0
8,411.23792263871275,bob,DE,0
14,366.1815160066669,david,DE,0
12,369.08552246788395,eve,UK,0
0,307.2388335596877,charlie,US,0
6,378.7255169849786,david,UK,0
8,299.5058059762753,bob,FR,0
23,381.54945763263345,david,UK,0
0,291.0782145532668,alice,IL,0
11,259.24548499719367,alice,UK,0
7,408.6570159799166,eve,DE,0
23,298.7490743600918,eve,FR,0
10,246.07200550545215,charlie,IL,0
2,1227.1098307530083,david,UK,1
16,245.60527961885757,alice,FR,0
7,350.66654106176213,eve,FR,0
2,294.06822737728703,david,IL,0
2,437.877538559825,eve,UK,0
0,371.17069093944724,eve,FR,0
4,315.42828780563826,alice,FR,0
9,384.23385247189697,alice,US,0
6,270.26955981183096,eve,FR,0
8,188.71285175044164,bob,US,0
6,240.6250165455156,eve,UK,0
8,308.8324697621762,eve,UK,0
7,286.6475116697316,charlie,UK,0
11,349.46492329544765,charlie,DE,0
1,292.52317311939186,charlie,UK,0
0,344.8820835577035,bob,FR,0
15,390.0582978338574,bob,IL,0
22,292.3382489633537,eve,US,0
22,333.3087173226673,charlie,DE,0
23,194.71278956548596,bob,UK,0
4,292.56636127556646,alice,UK,0
2,226.0825124552387,eve,IL,0
11,308.71360662776084,david,IL,0
7,314.15998540063987,eve,DE,0
21,313.9605814748277,david,US,0
2,271.1926446122224,charlie,UK,0
0,437.90813170409,david,DE,0
2,223.9187093014159,charlie,FR,0
4,220.25125037030904,alice,FR,0
14,399.29870254419507,david,DE,0
13,257.7432521646064,eve,UK,0
2,243.3185587478142,charlie,DE,0
0,438.1747138633867,eve,UK,0
4,359.1433630094138,bob,IL,0
22,264.33212711170665,charlie,DE,0
13,313.05047434161366,david,UK,0
6,416.75227708966105,charlie,DE,0
8,341.497240857052,eve,DE,0
14,377.1689073063866,alice,UK,0
14,348.2881907240283,charlie,UK,0
9,355.81520075721244,david,US,0
12,302.38450175462566,bob,DE,0
18,300.6809087385732,alice,FR,0
6,316.0230231209072,bob,DE,0
16,344.06716844701805,charlie,DE,0
19,283.0010810500432,eve,UK,0
3,307.3232360701803,eve,DE,0
4,281.3792630426409,david,DE,0
22,306.94108931967173,eve,FR,0
6,224.94022014108918,alice,UK,0
12,456.3586480175711,eve,DE,0
14,256.02359287326743,david,IL,0
10,278.31235651443416,charlie,US,0
3,250.84413638671185,charlie,FR,0
12,336.9425249498724,eve,DE,0
6,288.23984212546014,bob,IL,0
4,1210.8577469708346,charlie,DE,1
21,339.41300197346055,eve,DE,0
1,347.49894887536743,david,UK,0
9,295.98742053136397,eve,UK,0
12,260.1824429170754,charlie,UK,0
20,431.46396033358303,david,IL,0
5,320.40405783151385,eve,DE,0
3,1117.779304514003,alice,US,1
11,384.8424276601661,david,FR,0
19,248.65351503524573,alice,UK,0
10,464.512700416195,bob,UK,0
22,304.7794714516552,david,DE,0
6,360.7989621633212,alice,DE,0
0,175.19894634918592,charlie,IL,0
0,222.95154695460224,charlie,IL,0
19,380.0315771856429,bob,UK,0
12,319.0689039377482,david,DE,0
8,422.54378536284435,david,US,0
4,1645.5525315688765,david,FR,1
6,308.71777438446236,bob,DE,0
5,402.8144394493323,david,DE,0
7,360.60821995352666,charlie,IL,0
8,288.22432804342264,alice,FR,0
4,234.35375397009318,charlie,UK,0
0,157.70306011407035,charlie,DE,0
18,273.7400598118377,alice,UK,0
9,228.81989428671767,charlie,DE,0
11,455.862278594063,bob,UK,0
23,260.9777433557984,alice,FR,0
14,259.3374596624973,charlie,IL,0
21,208.72530752468128,eve,FR,0
23,284.0209602886378,charlie,US,0
8,260.12790422146725,bob,IL,0
19,404.26376572466756,david,FR,0
16,310.1085695648991,charlie,US,0
16,299.46815864061733,david,DE,0
19,291.9196347550441,eve,DE,0
11,347.17049521135215,charlie,UK,0
6,272.86031006192997,alice,IL,0
1,340.0323656119103,david,DE,0
2,396.83818924364664,eve,IL,0
16,327.60450061797883,alice,DE,0
4,285.0161230304919,alice,UK,0
16,242.7924497416859,alice,FR,0
23,283.49256081917554,alice,UK,0
16,333.78473243835424,charlie,US,0
16,208.0483594849607,charlie,DE,0
1,349.89256546255695,charlie,US,0
1,312.4567612936839,eve,US,0
21,291.04865041447687,eve,IL,0
22,260.43519531293987,eve,DE,0
4,271.41733794183796,bob,US,0
0,335.83836248791846,eve,FR,0
0,292.30730843429336,charlie,US,0
18,269.9316019632858,charlie,FR,0
1,328.1138096022913,bob,IL,0
20,330.4913866495278,bob,US,0
11,225.04949632055713,eve,UK,0
5,334.2888417946191,david,IL,0
22,450.1018927716266,bob,FR,0
3,328.17724736253024,alice,IL,0
22,198.05956770937993,charlie,US,0
10,310.64252351037277,alice,DE,0
23,190.1510775483789,charlie,DE,0
16,490.0423003238496,charlie,FR,0
5,434.1404812190684,bob,FR,0
23,260.04369103227623,bob,DE,0
4,165.25996806036983,alice,FR,0
19,247.29772877443293,charlie,IL,0
1,289.14055566361657,alice,UK,0
5,194.2881754776157,david,UK,0
21,295.85864910022633,alice,IL,0
10,288.7452801437849,eve,UK,0
15,307.50928182377334,alice,US,0
15,313.7787106162788,eve,IL,0
0,242.0629440073709,eve,FR,0
8,248.79515761502074,eve,IL,0
5,302.735529868203,david,DE,0
15,262.14047220756316,alice,FR,0
2,354.44968610503537,alice,DE,0
19,302.15367298606196,david,FR,0
3,411.90019403984843,charlie,UK,0
18,349.22894629627353,bob,IL,0
2,366.2228321634359,alice,US,0
18,307.9539640778872,bob,FR,0
19,309.4416900774178,david,FR,0
3,2019.3961739727529,charlie,DE,1
19,277.30242698777823,charlie,UK,0
8,332.80676124991436,charlie,DE,0
0,284.02574807031255,david,DE,0
7,283.8818364967618,eve,UK,0
6,229.8662240554968,eve,US,0
17,255.44913894858354,bob,DE,0
7,244.30383291501298,eve,DE,0
0,335.66212853539014,eve,FR,0
10,362.4123556934197,charlie,UK,0
17,294.3147975852959,charlie,IL,0
22,313.7776758098192,bob,US,0
2,1454.2585934684712,alice,US,1
2,251.3534448064209,bob,UK,0
6,351.73578148781274,bob,FR,0
15,339.15208162556877,david,FR,0
15,186.44724088176218,david,UK,0
19,283.0134599258848,bob,FR,0
16,247.0783595275543,bob,US,0
1,276.54368582008647,bob,US,0
0,259.77410597722445,eve,IL,0
15,297.214777755516,david,UK,0
11,280.20511589199157,bob,DE,0
4,278.93155837074966,charlie,DE,0
4,366.4433057003228,charlie,IL,0
22,333.4307196401549,eve,IL,0
8,257.766320981974,eve,FR,0
8,266.66719603119475,alice,IL,0
2,329.50758332397675,alice,IL,0
18,329.425174302166,alice,DE,0
15,263.77318565627587,eve,FR,0
15,285.96055998587013,eve,IL,0
2,410.8083624052181,eve,IL,0
19,264.8071146887194,charlie,FR,0
23,414.6482753075271,eve,UK,0
21,366.22001655154827,charlie,FR,0
23,403.52497650332793,alice,DE,0
0,262.25568167583424,alice,UK,0
23,289.8866475562343,alice,US,0
19,273.0501714734662,bob,FR,0
10,367.6051915155722,bob,DE,0
16,265.9389736396746,david,UK,0
7,343.87292960057243,david,FR,0
3,340.69796467152247,david,IL,0
5,297.1182281571494,bob,FR,0
7,377.91958404986013,bob,US,0
19,306.4607921835963,david,FR,0
2,350.0451431164982,david,UK,0
15,270.317797864933,eve,UK,0
2,256.5937911535905,david,FR,0
17,343.86873175545645,eve,UK,0
13,325.8504146600249,charlie,IL,0
17,314.5984598477019,bob,FR,0
4,1396.893495618665,david,IL,1
21,392.95256859157826,bob,IL,0
2,233.00485174476918,bob,DE,0
15,229.71941941614168,bob,FR,0
8,356.5299903098297,charlie,UK,0
3,351.60578304858416,alice,IL,0
0,321.2257667395121,david,DE,0
3,282.7228666858316,alice,FR,0
0,330.1453277514247,alice,FR,0
13,403.249817827172,alice,US,0
20,450.9327724724535,bob,US,0
15,200.6151776714906,eve,IL,0
19,274.8647928450872,bob,US,0
23,271.09360422090964,bob,IL,0
7,397.59116830198093,alice,UK,0
6,151.1223008060879,bob,IL,0
2,330.83011158393276,alice,US,0
16,284.591381494858,eve,UK,0
0,398.2867649728584,david,US,0
15,390.0623304002676,alice,IL,0
11,321.93040408960155,eve,DE,0
18,205.21661575729217,david,FR,0
21,265.566631059892,charlie,US,0
22,272.1365354031757,alice,IL,0
21,220.41271233279213,alice,UK,0
13,369.27505691156216,charlie,US,0
5,212.79441016353564,charlie,US,0
5,417.91965050722274,alice,FR,0
12,417.7693580427275,charlie,IL,0
18,276.8963842884296,bob,DE,0
21,319.70972220778896,david,UK,0
7,295.66299131577455,david,IL,0
1,354.1094880217014,david,UK,0
20,376.48064031388554,bob,US,0
3,1577.3990976360199,charlie,FR,1
14,328.1470025868638,eve,FR,0
0,262.76374416362904,charlie,DE,0
4,326.2028380134203,alice,FR,0
15,309.7657247354389,david,US,0
18,245.2923306749186,charlie,DE,0
3,299.15777343941335,eve,IL,0
2,277.0090489208356,alice,FR,0
16,263.43026509091646,bob,DE,0
16,231.21052754402592,bob,US,0
11,303.75016399496855,eve,UK,0
13,253.1715596204794,alice,UK,0
20,271.733509661838,david,US,0
5,364.50745651303737,charlie,US,0
2,337.92696607610264,alice,UK,0
8,241.27400112832478,bob,DE,0
4,321.1134640743862,eve,UK,0
23,307.9668418958493,eve,US,0
3,2010.5088625600383,charlie,FR,1
13,382.98870005233647,eve,IL,0
20,207.97507645740984,eve,FR,0
2,351.66766013751607,alice,FR,0
0,375.91183509742194,david,US,0
19,333.56155252369985,charlie,UK,0
20,279.87527137834854,alice,DE,0
22,444.8036349070282,david,FR,0
0,339.0845568556214,alice,UK,0
2,418.59265642369365,alice,DE,0
17,381.0887057684104,eve,FR,0
4,1639.240398066991,david,DE,1
21,265.21794531158235,charlie,UK,0
2,298.5537073108499,charlie,IL,0
3,1433.4262641619341,david,UK,1
13,227.1288626610438,eve,US,0
23,339.0168944975822,bob,DE,0
17,394.0411801175645,alice,IL,0
14,282.1017903269132,eve,DE,0
4,2149.0969497674214,david,DE,1
22,206.545032848296,alice,FR,0
1,363.2618129032322,charlie,US,0
9,400.2912141243246,bob,DE,0
1,287.7581651411364,charlie,UK,0
16,288.83660969142716,david,UK,0
7,362.56591055066406,alice,FR,0
0,330.35946659757207,david,US,0
8,180.1553193924296,alice,US,0
10,249.39761072763716,eve,UK,0
21,299.1870271171524,bob,IL,0
15,217.81810921889598,eve,FR,0
6,271.5495410142058,eve,FR,0
9,219.31887448536395,david,UK,0
22,277.7897621667966,bob,UK,0
2,279.80263636073033,alice,IL,0
17,321.1052805956228,alice,IL,0
23,294.49444056002994,charlie,US,0
12,330.16738326244536,alice,FR,0
6,323.01264044843526,david,FR,0
3,361.88039965585864,eve,UK,0
12,352.4269824576069,eve,US,0
19,346.087430108083,eve,FR,0
0,486.29204570800334,bob,US,0
7,320.84415819853973,alice,US,0
13,455.6142902315317,david,UK,0
15,324.733104134636,bob,US,0
13,295.02894511164646,charlie,IL,0
11,277.61008906720815,david,IL,0
18,390.5835479069058,david,DE,0
22,398.4302035732763,david,UK,0
14,335.9870313578837,eve,DE,0
1,368.01280647016233,david,IL,0
1,223.366772044615,alice,DE,0
22,207.0732106492673,david,UK,0
21,374.7796131478472,eve,UK,0
18,292.3913101258187,david,US,0
21,344.95814504385015,charlie,FR,0
3,1284.8136150131766,charlie,US,1
16,399.4193081822865,eve,UK,0
19,207.57487968665782,alice,IL,0
9,216.86489481103868,alice,IL,0
5,386.6586950227407,bob,US,0
14,143.40949242102596,eve,UK,0
4,1613.5706604284749,david,IL,1
10,293.5604402642054,eve,UK,0
4,255.84288484799822,bob,IL,0
0,288.0036090845779,eve,UK,0
7,249.1485904146114,eve,DE,0
20,392.53535676290994,bob,UK,0
11,408.2698253016966,alice,UK,0
11,258.85574479269934,david,US,0
4,316.53149264811185,bob,DE,0
6,220.49541174383717,charlie,FR,0
3,364.3831295401876,alice,US,0
5,362.8205504785989,charlie,FR,0
12,282.2842660375386,alice,IL,0
19,301.0131035051937,david,FR,0
14,294.37407302863977,david,UK,0
2,202.89252997918345,eve,FR,0
22,392.7602488560076,charlie,US,0
7,253.98280566705415,alice,US,0
19,254.39104366452472,david,FR,0
15,290.97480873229,bob,US,0
12,359.7329151217367,david,US,0
17,264.52180709447816,bob,FR,0
9,182.86888671579334,alice,DE,0
18,246.78011635622795,david,DE,0
16,325.4484251447394,david,IL,0
23,431.3850172685512,alice,US,0
18,224.40480201761065,david,FR,0
22,222.20989395115026,bob,US,0
4,209.24426994967104,david,UK,0
20,201.79650052203954,charlie,US,0
22,372.34148760488586,eve,US,0
8,389.68131452186276,bob,DE,0
11,310.66535361482414,charlie,FR,0
20,271.9372336715486,alice,US,0
0,407.46862721175756,bob,DE,0
0,310.4344824993903,eve,IL,0
2,1826.8310128081303,eve,DE,1
1,269.0130634966911,alice,DE,0
21,302.65463125342643,alice,DE,0
15,225.75950127317722,bob,US,0
7,337.75493831361507,david,US,0
12,311.4562650463989,alice,IL,0
20,246.32620605517295,david,UK,0
0,247.13357102841232,charlie,UK,0
15,396.95751020032463,eve,UK,0
6,418.300125027709,david,IL,0
4,287.21187979996074,eve,UK,0
21,304.06521436572973,david,UK,0
22,324.006868478893,charlie,DE,0
2,308.88190548958124,alice,US,0
11,199.54213676768217,charlie,US,0
15,325.67224063142316,alice,DE,0
18,174.72665792396347,alice,DE,0
4,256.03894852454283,eve,DE,0
21,330.32562879748906,charlie,US,0
13,335.9996524754902,david,UK,0
4,251.3956149474306,charlie,DE,0
14,272.49378358878494,eve,IL,0
16,264.36980946009277,alice,DE,0
13,293.8293502118358,eve,FR,0
19,298.3923392018602,bob,DE,0
4,340.1080877717466,bob,US,0
11,268.98618822661297,david,DE,0
15,322.4037715148133,eve,FR,0
15,330.4209458692315,david,IL,0
20,311.8973626423119,david,UK,0
6,284.42365065303153,bob,DE,0
3,310.8387278565264,david,FR,0
0,345.10441640361455,bob,FR,0
4,350.35109206297875,alice,IL,0
22,408.92236108961436,eve,US,0
9,240.5984258216243,david,DE,0
21,273.59955654027584,bob,FR,0
4,203.19188038389586,charlie,IL,0
3,355.8605678596713,david,UK,0
1,279.9295496185952,alice,FR,0
19,312.3714589217596,alice,IL,0
9,263.73968583320163,charlie,US,0
18,280.3977603013305,bob,US,0
0,373.3914063255995,david,FR,0
23,341.654004629159,bob,FR,0
4,293.30867654046324,alice,DE,0
12,346.0688351685838,bob,IL,0
3,347.39400480227243,alice,FR,0
15,276.5144689987959,bob,DE,0
23,211.8552263618275,charlie,DE,0
15,246.05030237987765,eve,FR,0
3,1097.841418985245,charlie,US,1
1,369.8660787595744,charlie,IL,0
16,380.2869129868609,eve,IL,0
19,395.18243280954096,eve,US,0
2,894.1333353068495,david,FR,1
11,364.2840546224233,david,IL,0
17,432.7314785630811,charlie,FR,0
2,366.7192628286387,charlie,FR,0
0,170.92622292775982,alice,DE,0
4,2030.4894925190315,alice,US,1
18,302.5013422279165,david,FR,0
10,286.0560536099717,david,UK,0
4,327.0657177949787,alice,US,0
11,237.05958464577083,alice,IL,0
2,300.1669422552947,bob,DE,0
0,397.2257787062444,bob,IL,0
0,337.3438122313973,alice,IL,0
7,303.50408832616006,bob,US,0
9,305.37648959565655,eve,IL,0
10,229.11636100207193,david,FR,0
11,291.00072651601647,david,IL,0
12,201.94227986221395,alice,DE,0
11,361.34645714362864,charlie,DE,0
13,168.85737105147945,alice,UK,0
1,351.2940227772426,bob,DE,0
18,358.7646540500437,charlie,IL,0
17,379.1258769436316,bob,DE,0
2,305.21154978970816,eve,US,0
22,354.99770796945177,bob,DE,0
16,290.415201578087,eve,FR,0
7,228.798172938724,eve,US,0
9,391.8439435522797,bob,UK,0
1,294.1868502230955,bob,FR,0
18,215.42932095160833,eve,IL,0
8,271.9911032526131,charlie,IL,0
6,274.3605190459097,eve,IL,0
3,327.7018150874527,david,FR,0
20,440.82284900236385,eve,FR,0
4,1656.7255839847694,charlie,FR,1
12,312.4106311197915,david,US,0
10,447.34657197375327,alice,US,0
23,358.73361239476355,alice,IL,0
3,315.2549522480957,charlie,DE,0
20,271.23528847091427,eve,IL,0
3,318.97200457227365,bob,UK,0
9,296.0165757544118,charlie,US,0
4,305.4860476535398,david,FR,0
8,378.86414548616835,david,US,0
23,267.58066901175073,alice,FR,0
2,330.81244248981085,david,UK,0
16,356.93639939025564,charlie,UK,0
2,260.2732489905354,david,US,0
15,250.64271507065394,charlie,FR,0
3,290.97948464514576,bob,UK,0
4,1361.5111229230617,alice,IL,1
16,369.13995652449023,david,IL,0
6,239.89390328612072,charlie,FR,0
23,304.1082821117202,eve,US,0
22,452.7629000042685,alice,UK,0
4,324.783392027171,bob,US,0
11,334.7574086582931,charlie,IL,0
16,369.6409497418275,bob,UK,0
22,272.22305607447845,bob,US,0
12,235.11482227527577,david,DE,0
22,310.5906765697647,david,FR,0
2,315.92422970091224,charlie,FR,0
8,202.90735231721033,eve,DE,0
16,322.50431488096666,charlie,IL,0
16,364.19102992206234,eve,UK,0
19,245.22311561855946,bob,FR,0
15,326.1333509024888,alice,DE,0
21,353.535819622208,charlie,DE,0
12,335.20069251180485,charlie,IL,0
18,340.8603743244934,eve,IL,0
16,285.31198549162195,bob,US,0
3,232.34973973556424,bob,FR,0
11,273.1712122569652,eve,US,0
8,264.8365738877625,bob,DE,0
18,295.1844572275472,david,UK,0
11,365.5962543275958,alice,UK,0
8,221.28959231014989,charlie,IL,0
6,308.6550013690435,alice,UK,0
13,236.19590126892882,charlie,UK,0
19,255.59718493063372,david,UK,0
18,333.5244451567105,bob,DE,0
14,228.60329679805804,eve,UK,0
15,344.05465738217873,david,UK,0
20,218.8701332025165,alice,UK,0
4,340.0188242062896,eve,US,0
2,207.0281238252893,bob,DE,0
11,262.9312392446031,david,IL,0
19,413.7896629877737,eve,US,0
20,402.51278218601317,david,FR,0
3,275.2485208489713,david,DE,0
20,323.3976351617941,bob,DE,0
22,372.24408113309306,charlie,FR,0
15,340.87777046522825,eve,FR,0
6,283.59214521271053,bob,FR,0
12,255.08188115782002,david,IL,0
20,352.0861885774758,bob,UK,0
9,367.8421985168701,charlie,DE,0
6,402.9421100636633,eve,UK,0
13,198.76503459281574,charlie,UK,0
4,224.81251270793686,alice,FR,0
2,369.7154161288248,eve,IL,0
22,206.9081671949894,charlie,US,0
10,374.31299729471596,david,IL,0
10,287.1040496408765,eve,UK,0
17,268.7451708397989,eve,IL,0
14,312.3257157762882,bob,FR,0
11,219.27789286587006,david,US,0
8,349.4408898359011,alice,FR,0
9,401.3782198616818,charlie,US,0
11,352.2345729488545,bob,UK,0
16,285.2094784467516,charlie,US,0
5,207.71785753407354,alice,US,0
6,210.024752627824,alice,US,0
13,220.22140186564155,eve,IL,0
12,299.26330337326095,alice,IL,0
7,306.80400379635626,charlie,UK,0
9,352.10661064445975,david,US,0
8,192.23826081101546,david,DE,0
17,378.672613823544,eve,UK,0
1,341.6643791367223,charlie,US,0
4,280.3898224162719,charlie,US,0
4,228.614307496074,alice,IL,0
5,374.94843850146714,charlie,UK,0
18,281.994362325757,bob,US,0
7,298.79886603933426,alice,US,0
15,323.01671824727595,bob,UK,0
12,245.20806565310332,eve,DE,0
0,283.06916525848504,david,UK,0
21,351.9190141212228,eve,UK,0
19,345.8457647097765,david,DE,0
16,346.3864324017143,eve,UK,0
6,230.6892149315741,charlie,US,0
12,285.80517895625155,bob,UK,0
3,276.2163698971317,david,DE,0
3,325.51073053648213,alice,FR,0
5,320.13947937893386,bob,UK,0
18,309.3256398445762,alice,IL,0
11,447.9440373251957,bob,US,0
21,282.5516351913577,bob,US,0
6,275.5306148358873,eve,IL,0
9,230.59501977983663,david,IL,0
18,207.72916044426776,david,UK,0
6,226.78095736705347,bob,IL,0
2,256.8790844734032,charlie,FR,0
12,378.6043856662711,charlie,DE,0
12,302.3498342617115,alice,IL,0
17,311.599840017164,alice,IL,0
19,294.2236015078742,eve,FR,0
7,321.9180595813073,bob,US,0
8,384.1243288330706,alice,US,0
6,180.36414982391784,alice,UK,0
0,373.10023893512283,bob,FR,0
2,149.0976928478996,eve,DE,0
12,301.6921626913157,alice,DE,0
16,431.51444128466494,eve,FR,0
23,340.83947637189266,david,DE,0
0,322.3835361192382,eve,US,0
5,420.1167580081784,charlie,DE,0
20,257.81622611993134,charlie,DE,0
5,326.0380453479028,eve,FR,0
11,334.68702584843356,charlie,FR,0
12,268.65587194637845,david,DE,0
12,273.95338923024116,bob,IL,0
14,267.3732340065996,charlie,FR,0
20,305.2388984405138,charlie,UK,0
15,332.8014963462788,eve,UK,0
21,307.39381637487975,david,US,0
20,342.56770904579133,bob,DE,0
10,181.85116284158715,eve,IL,0
4,286.9049301754298,eve,US,0
3,238.59484137896123,david,DE,0
2,318.1033507609739,bob,FR,0
18,317.2150457203394,david,UK,0
2,1465.3133655127635,bob,IL,1
17,330.61674063192424,david,UK,0
14,359.86876309584164,eve,FR,0
8,296.3687686616215,eve,DE,0
16,236.89830671401788,alice,FR,0
13,205.12454574483115,charlie,FR,0
3,1510.8330525990386,david,UK,1
0,314.5120020908125,alice,IL,0
20,241.82856662880124,charlie,FR,0
21,343.54600938978194,david,UK,0
21,272.4625868505256,bob,IL,0
2,200.614028089731,charlie,DE,0
15,375.38618054071134,eve,DE,0
22,368.6392751521298,alice,US,0
10,179.06403380021413,charlie,UK,0
11,266.24398310077845,charlie,IL,0
9,263.9049791151434,eve,FR,0
15,398.36931956505015,david,DE,0
7,294.04243739750063,bob,IL,0
5,210.24730811667496,eve,UK,0
11,352.9262869344527,bob,US,0
23,226.15346725403515,david,DE,0
20,284.3795705566943,charlie,IL,0
7,253.8138673271474,bob,IL,0
3,266.37269410320357,alice,IL,0
7,356.23548537383635,alice,UK,0
17,391.27980967992994,eve,UK,0
4,223.53787521723729,david,UK,0
8,337.564585530469,eve,FR,0
3,256.03478221860024,eve,IL,0
21,257.89968539855545,eve,DE,0
16,329.4381732853629,alice,UK,0
8,238.3258340571783,alice,UK,0
3,1641.1807802325134,eve,IL,1
20,343.8068013905841,alice,UK,0
19,274.0480642980589,david,FR,0
12,379.62468612082,eve,FR,0
15,223.6305232763096,alice,UK,0
12,380.7243714367003,bob,IL,0
13,183.36075423089204,eve,IL,0
2,461.9828484251706,eve,IL,0
5,275.62786568269007,david,US,0
17,230.26157061674294,charlie,UK,0
18,286.0396854888001,charlie,IL,0
4,237.2113234425343,david,FR,0
14,323.21791793127255,david,DE,0
1,382.05943988820883,david,DE,0
9,240.39262643659936,charlie,IL,0
23,334.7639543504402,david,DE,0
17,208.03587786625445,alice,DE,0
12,361.97728399371675,eve,US,0
4,324.97418201565574,eve,FR,0
22,364.5709992798192,bob,FR,0
23,292.65918584153366,bob,US,0
0,273.89060412871487,eve,US,0
21,348.96704616344,alice,DE,0
0,221.5170887064949,charlie,UK,0
17,195.4305400959855,charlie,DE,0
14,299.70228095759774,alice,US,0
16,276.6242035884725,charlie,FR,0
10,333.2299999068928,david,DE,0
20,365.4930854588398,eve,UK,0
21,331.98084474906835,eve,DE,0
16,360.7141987096047,alice,IL,0
12,319.2631399999298,charlie,DE,0
0,329.6757448992659,bob,US,0
1,293.00056741006375,bob,FR,0
8,327.9027276609109,charlie,FR,0
2,309.99916971381083,bob,US,0
0,319.51060779174384,alice,IL,0
20,289.9965580147897,alice,US,0
15,348.5357520282779,charlie,DE,0
22,257.3728470099029,bob,US,0
5,298.8990587457536,alice,US,0
16,378.7070340124545,alice,IL,0
4,243.0766906247325,david,DE,0
2,851.4463614742108,david,UK,1
5,321.9874299778783,alice,UK,0
2,284.58273057879006,charlie,FR,0
20,360.65173442231037,eve,US,0
22,292.1690952061804,eve,FR,0
4,263.7396557062013,alice,IL,0
20,295.4509562509072,alice,UK,0
4,365.58411519679265,alice,US,0
9,334.5221776315425,charlie,IL,0
9,153.96586460711794,david,IL,0
18,311.14604952520625,alice,US,0
16,314.1457279440843,alice,IL,0
20,298.90500208796885,bob,US,0
13,263.34660650588467,charlie,US,0
8,371.67191247038664,alice,DE,0
2,1873.2101844404585,bob,FR,1
0,167.8103723504483,eve,IL,0
18,252.12243133551334,alice,IL,0
12,291.3161609228568,alice,DE,0
12,356.9104922230002,bob,DE,0
3,302.09117258350597,charlie,DE,0
0,258.9843719901046,alice,UK,0
16,342.5720146384425,eve,UK,0
7,287.3198348669404,alice,UK,0
1,292.9559484507024,eve,US,0
7,298.37049399575545,david,IL,0
6,334.4585064503091,david,FR,0
1,281.48702389957276,eve,US,0
21,341.21678955883334,charlie,IL,0
21,295.6158618955756,alice,IL,0
2,235.97900481492744,alice,DE,0
17,297.79342165827313,david,DE,0
11,239.0871958112871,eve,US,0
0,302.4592073865565,alice,DE,0
21,349.76843575388796,alice,IL,0
11,235.58225963987312,charlie,DE,0
4,321.8564043482663,bob,UK,0
16,250.25775249880752,david,DE,0
15,312.1020335949928,david,IL,0
14,351.61225452122903,bob,US,0
22,172.22921555339752,alice,FR,0
4,1165.6572519385963,charlie,DE,1
4,277.86123329340467,charlie,IL,0
20,318.9024293508969,david,FR,0
13,290.0170002385006,charlie,FR,0
1,297.24715308114486,bob,UK,0
10,422.5790715210754,alice,FR,0
18,227.25256326904633,bob,IL,0
6,368.1291009817662,eve,IL,0
5,279.001312370735,david,DE,0
1,332.968487549924,charlie,DE,0
5,427.736793344736,eve,DE,0
17,341.3206814211255,charlie,FR,0
1,322.3497425874,alice,FR,0
17,395.9473401089625,alice,UK,0
14,367.4879186755915,alice,DE,0
18,252.03635543031388,charlie,US,0
1,317.67148454723133,eve,UK,0
19,196.95025595155442,alice,US,0
5,267.59079669754493,eve,FR,0
0,318.8431780559916,charlie,UK,0
23,263.8736788331245,eve,UK,0
14,316.40200475831546,charlie,IL,0
22,299.19692306081765,charlie,FR,0
9,332.18500394370255,david,FR,0
18,274.54805867831334,charlie,UK,0
16,243.5910651337972,charlie,FR,0
4,388.6876095703957,bob,UK,0
3,270.2581954386033,alice,IL,0
9,339.6006355870271,david,UK,0
23,386.1148215883522,david,FR,0
16,309.76019993985193,david,FR,0
9,248.62160583341102,bob,UK,0
16,289.28340152715936,charlie,UK,0
19,361.0524549964052,alice,UK,0
23,312.3748527442718,eve,DE,0
4,227.6914924677434,charlie,FR,0
1,335.7986300120227,bob,FR,0
5,346.1718881430599,charlie,DE,0
20,278.681286832924,charlie,UK,0
1,336.61466253628475,bob,IL,0
12,314.701115727628,david,UK,0
10,288.15422768147766,david,UK,0
10,222.3878553843802,alice,DE,0
15,364.6772337063455,alice,FR,0
10,345.55265999518997,david,UK,0
18,335.03317766251877,eve,FR,0
14,392.6715602206856,charlie,US,0
22,356.7116236208156,eve,FR,0
22,341.19396036909376,charlie,IL,0
15,167.20635911839014,david,IL,0
10,371.81369710814494,alice,UK,0
21,304.98483085692305,alice,FR,0
15,318.7495008154283,eve,UK,0
7,319.15999138160316,alice,DE,0
3,346.42996461853676,david,IL,0
7,367.3305017281011,eve,UK,0
3,338.05446858355333,charlie,DE,0
23,328.5171353591935,alice,UK,0
2,313.89076435773427,bob,FR,0
2,98.90336898571931,alice,FR,0
17,282.7445388329887,charlie,FR,0
18,243.50462895896126,eve,FR,0
18,372.6443723363451,charlie,US,0
20,337.1422318971776,bob,DE,0
4,272.51178076717594,david,DE,0
17,278.53696906384533,alice,FR,0
9,276.3611182018547,eve,US,0
21,275.2904307408648,david,FR,0
20,213.32655338851217,charlie,US,0
5,200.32323040333392,eve,FR,0
0,301.74280634290466,david,IL,0
4,364.51884836156125,eve,IL,0
8,267.73861815432826,bob,UK,0
4,1591.0334252772136,bob,FR,1
13,344.05565503060353,alice,DE,0
1,240.3973076649686,alice,UK,0
16,298.80147427680583,bob,IL,0
13,260.0087711235891,eve,FR,0
12,396.3671695098776,bob,UK,0
8,393.7475704117269,alice,FR,0
14,240.45942960750898,bob,IL,0
21,323.15306298505953,bob,UK,0
14,364.0559580487494,eve,IL,0
23,350.8997700225798,david,US,0
10,304.8937820990619,alice,IL,0
15,378.39344770586086,eve,FR,0
16,245.72911866063404,bob,DE,0
3,281.81442333631844,bob,IL,0
0,247.3414548144255,david,DE,0
7,346.9496096820373,alice,US,0
16,265.0417875420329,alice,UK,0
2,289.72504947377485,charlie,UK,0
19,337.06022209594494,alice,DE,0
14,341.89499482666895,david,UK,0
14,245.57241922468495,charlie,IL,0
23,363.39931702636756,charlie,DE,0
21,327.34138012003507,bob,FR,0
13,235.0978296251759,bob,IL,0
22,220.33704625460322,alice,IL,0
13,299.05081738427594,charlie,IL,0
23,351.0056393590085,bob,FR,0
1,352.5429517440588,david,US,0
12,321.37001263349055,bob,UK,0
13,302.9204902996095,bob,DE,0
23,330.7042601447403,charlie,US,0
2,1243.4008456832225,charlie,DE,1
6,401.2192717815235,eve,UK,0
2,400.43630508735123,david,FR,0
14,325.7287388772419,charlie,IL,0
22,311.8380251995711,alice,IL,0
13,275.3147416404378,david,FR,0
10,331.72493074797967,david,US,0
14,258.5209577389934,charlie,US,0
12,166.58327814026816,david,DE,0
17,137.1535619705348,charlie,FR,0
5,252.0301000101908,bob,US,0
2,309.3826873750967,eve,FR,0
18,319.91830403720894,bob,UK,0
14,270.7945794894429,charlie,IL,0
22,308.5101100285742,charlie,IL,0
4,283.54629857672813,bob,IL,0
9,240.04123454099175,alice,FR,0
6,296.7753294618525,alice,FR,0
16,348.77742674193894,alice,DE,0
6,242.75629513522068,charlie,IL,0
21,242.78372321881812,david,DE,0
11,235.8449643628705,charlie,IL,0
16,183.80887592951305,david,DE,0
12,271.18785755117887,bob,DE,0
19,342.84516677715186,eve,UK,0
3,310.43496503002575,david,DE,0
2,1449.224734783108,alice,FR,1
2,307.74388789441014,charlie,DE,0
8,270.6611107542505,bob,IL,0
12,183.12680176419167,alice,DE,0
17,347.02312690887396,bob,US,0
14,364.26747442707904,eve,IL,0
3,256.3105934359328,charlie,US,0
14,290.94986276360663,charlie,IL,0
21,285.78004973639037,eve,FR,0
1,321.0773285654725,charlie,FR,0
14,401.3936073975774,david,FR,0
7,369.5874747173583,bob,US,0
7,277.38514647516627,alice,UK,0
16,332.5478316900142,eve,IL,0
11,375.26141211436277,david,FR,0
18,324.50070986368667,alice,IL,0
9,299.71803573358966,alice,US,0
8,326.76000568003116,eve,UK,0
4,257.8037086461916,david,US,0
5,266.56313255375517,alice,IL,0
19,236.15794588793415,alice,UK,0
1,318.4238709942146,david,UK,0
23,292.1158256386657,charlie,US,0
12,250.61291631911521,alice,FR,0
5,290.1492353027697,bob,IL,0
4,328.1998956457902,david,DE,0
0,414.8827383598795,alice,DE,0
20,360.7240718822315,eve,US,0
21,162.95112855105958,bob,IL,0
20,314.3585080092207,alice,IL,0
5,385.75945576277127,bob,US,0
5,219.72759052738604,bob,IL,0
2,1665.467781063727,charlie,FR,1
15,285.80146886813725,bob,US,0
3,369.0174318549697,charlie,FR,0
10,324.25543170080715,david,IL,0
23,246.95907272644763,charlie,US,0
22,287.9489113025628,eve,IL,0
8,291.4982594371426,alice,US,0
22,292.609307111397,david,IL,0
2,367.15577668651576,david,FR,0
18,249.44280471658618,eve,FR,0
7,360.183078579671,charlie,IL,0
4,281.86501944470876,alice,US,0
3,313.4106663797499,charlie,DE,0
23,304.342655176862,bob,FR,0
5,298.69167971508995,charlie,FR,0
1,299.18382993328066,david,DE,0
19,387.4415134962612,alice,IL,0
10,350.5469954943687,charlie,US,0
3,278.2370586252042,alice,IL,0
14,394.96723524732545,alice,UK,0
5,316.4808644395712,bob,FR,0
21,321.45745555943364,bob,UK,0
16,249.7608552401165,david,FR,0
23,270.1500804956916,eve,FR,0
5,258.6897895243695,alice,UK,0
18,305.1643718996205,eve,UK,0
1,338.32698476689256,david,IL,0
14,322.0339379653328,alice,UK,0
10,395.2826493641749,alice,IL,0
7,246.7345196873259,eve,IL,0
18,306.8921426123329,charlie,IL,0
12,223.02364024210232,bob,FR,0
11,244.68774170380428,charlie,FR,0
2,1879.373513201539,eve,UK,1
5,272.21010801171207,bob,FR,0
21,251.79817223638375,charlie,UK,0
3,172.20138746502317,bob,FR,0
18,251.19872113266496,alice,US,0
19,287.68318354830126,charlie,US,0
0,218.55582241282735,bob,UK,0
19,284.23299666105186,bob,FR,0
16,376.2378636394934,bob,FR,0
11,257.56167958030005,charlie,IL,0
14,243.39701703780386,david,DE,0
0,232.5659119880944,charlie,UK,0
13,231.494154449052,eve,DE,0
5,332.1346468133057,charlie,DE,0
4,302.920124212983,bob,UK,0
10,357.41141275653445,alice,FR,0
3,421.19027349925534,charlie,UK,0
12,190.17653208545113,charlie,DE,0
10,322.8047225065064,bob,FR,0
2,232.88283993398642,alice,US,0
0,347.33395788200704,alice,UK,0
5,283.6852799355938,eve,UK,0
17,301.6393656518504,charlie,FR,0
23,223.00935432421153,alice,US,0
9,274.41437849320994,alice,US,0
4,305.3797350664956,david,FR,0
22,381.3646888084025,david,IL,0
9,252.32636835548675,alice,UK,0
11,266.95850570818124,eve,UK,0
1,356.65737853093685,alice,DE,0
12,248.43958297804136,bob,FR,0
4,1842.7155431922379,charlie,DE,1
1,299.45480551642464,eve,DE,0
19,318.1873776955106,bob,US,0
0,322.05133815056223,eve,UK,0
4,263.0267667956035,bob,DE,0
2,1616.9660458417186,charlie,US,1
16,253.65781294114197,charlie,FR,0
4,1349.369098770336,david,DE,1
10,333.52145796199653,bob,UK,0
14,317.6036373385142,david,DE,0
23,295.5021029496571,bob,FR,0
5,224.47610104421938,david,DE,0
2,1197.252513195111,charlie,UK,1
2,316.6025426342991,eve,US,0
16,343.928433809107,david,UK,0
4,233.42126972875457,bob,US,0
11,249.61048515286996,bob,IL,0
17,308.05111045066315,charlie,UK,0
13,306.7672717577456,bob,UK,0
20,202.56256747433753,alice,FR,0
23,309.69378080639933,eve,DE,0
10,264.0979313861869,david,US,0
8,398.46279778373747,eve,US,0
1,314.9519125641394,charlie,FR,0
11,325.2884069925542,david,FR,0
2,326.84155813143667,david,DE,0
2,227.16435716084612,alice,DE,0
0,416.6326135865162,charlie,UK,0
2,1013.126625764648,bob,IL,1
21,347.7421885019845,alice,DE,0
7,337.11983624883896,alice,FR,0
10,271.3798572052224,eve,DE,0
8,339.9870190028033,eve,US,0
4,280.9456080705757,eve,IL,0
13,259.4723133086533,alice,UK,0
2,328.1735501611756,bob,US,0
20,239.60634053472586,david,US,0
4,286.5446904745458,eve,IL,0
4,264.34939507620254,bob,UK,0
18,279.8412294256233,charlie,FR,0
13,325.96371594781107,eve,UK,0
3,264.3380176592276,david,DE,0
12,288.4605652156581,charlie,US,0
9,269.81128488590514,charlie,DE,0
17,386.63979993447276,david,FR,0
7,320.5567438928334,eve,DE,0
7,313.20417797800314,alice,UK,0
6,341.00511027740544,david,DE,0
7,264.3519253935068,david,FR,0
13,351.55543349999044,david,FR,0
18,320.7706647499645,charlie,FR,0
5,206.34654583475606,bob,UK,0
0,214.3181500139541,alice,FR,0
22,265.66217683295605,eve,US,0
14,220.73961024808978,eve,FR,0
0,285.703292358025,bob,DE,0
16,239.17572051504817,david,DE,0
0,294.1366168157449,alice,DE,0
14,384.70256255588737,eve,UK,0
22,297.0373857866289,eve,DE,0
1,281.82213270588426,david,UK,0
13,323.29455886712066,bob,UK,0
20,258.2148124246438,alice,FR,0
7,350.60485856376,bob,US,0
7,329.7127771874467,bob,FR,0
18,302.33193372291385,alice,FR,0
6,309.2589498980152,alice,UK,0
18,422.5047546337711,eve,UK,0
5,356.5387326160721,eve,DE,0
5,431.97159786968007,alice,DE,0
2,331.92181159754716,charlie,FR,0
6,211.6985134397587,eve,IL,0
18,284.26957782816953,charlie,IL,0
7,197.98770752711602,alice,DE,0
9,331.6981820800151,eve,IL,0
19,344.7242518407241,bob,DE,0
14,246.84504024244325,alice,UK,0
14,260.6618172211888,david,FR,0
0,308.92505377411294,charlie,US,0
19,228.1137562041469,alice,FR,0
6,223.61041384544802,alice,DE,0
3,374.31792288246726,eve,DE,0
5,306.8826370898381,eve,FR,0
0,266.5134385376426,eve,DE,0
4,198.47286668656685,david,IL,0
22,351.1410814136683,eve,IL,0
0,258.92890726698187,alice,DE,0
3,411.6410667522323,eve,DE,0
21,351.5586058616067,bob,IL,0
1,251.51148873556386,eve,DE,0
9,257.0716981721117,david,DE,0
4,403.3110697766599,bob,FR,0
9,294.9444331899297,alice,US,0
0,269.2013263005978,alice,IL,0
21,301.6633013085942,charlie,FR,0
5,268.9252409967726,bob,US,0
12,314.4629086264899,charlie,DE,0
3,1477.252913544521,bob,DE,1
3,352.5304788306905,bob,FR,0
12,276.68555380565243,david,DE,0
23,246.9110179986212,charlie,UK,0
2,1395.3045910129242,david,FR,1
23,278.6949661065572,bob,US,0
14,295.3479710883604,alice,FR,0
7,338.0724172834335,bob,IL,0
4,334.79453804831525,david,FR,0
14,371.9795205515141,charlie,DE,0
3,251.31061933598855,charlie,DE,0
11,323.3232073830665,david,UK,0
12,343.6391908212429,charlie,UK,0
1,259.5467756212882,eve,UK,0
18,287.5421368210573,alice,US,0
18,195.00132754687218,alice,UK,0
3,354.4114617075441,alice,US,0
3,287.07010786080787,charlie,UK,0
10,348.39385060086,charlie,US,0
4,312.3629710727708,bob,FR,0
19,288.8900862615076,bob,FR,0
10,204.43183203885087,alice,DE,0
9,215.1028433570136,eve,US,0
7,144.41122893949546,bob,IL,0
5,266.2431910302806,bob,DE,0
5,436.6949221908749,charlie,FR,0
7,222.72315662892004,eve,US,0
22,142.11408699480563,alice,UK,0
14,357.7601351751319,bob,IL,0
13,441.8230721578021,eve,FR,0
10,317.87526391558816,eve,DE,0
11,317.3239436831976,alice,US,0
12,281.4070755813749,eve,IL,0
7,192.3445661693964,eve,US,0
17,212.9572849353914,eve,UK,0
0,280.9948002360889,bob,DE,0
14,269.4926795982154,alice,US,0
7,293.0896243338035,eve,FR,0
10,349.75948943568955,eve,DE,0
11,265.0897300849787,bob,FR,0
11,350.9830053842767,alice,US,0
3,265.4826174058338,charlie,DE,0
15,362.2943755719454,bob,FR,0
3,305.18205402440543,alice,UK,0
4,273.85017954470925,eve,UK,0
23,304.1576436329334,alice,US,0
4,282.387669470546,alice,DE,0
7,306.7880542607983,alice,IL,0
9,345.4863719110483,charlie,DE,0
16,294.767064095061,alice,UK,0
8,277.82586882877314,charlie,FR,0
21,232.58902770535025,eve,IL,0
18,334.75068115750287,charlie,US,0
13,320.8963335841635,eve,IL,0
7,229.08342894434873,eve,US,0
8,350.12965667524566,charlie,IL,0
21,228.10895804385984,bob,US,0
10,361.7533074740336,david,US,0
22,341.2717996312211,alice,IL,0
0,325.17993135588415,david,IL,0
13,277.38029044997785,alice,US,0
4,334.5467869599872,alice,UK,0
20,364.5823197144708,eve,IL,0
13,335.5411152664904,alice,DE,0
3,259.78499869642576,alice,FR,0
21,316.0444189413278,charlie,US,0
2,1839.610495888511,david,US,1
0,431.9458908334022,charlie,FR,0
21,287.68722153004825,alice,UK,0
22,351.4729863678858,eve,FR,0
18,368.06883120505915,charlie,IL,0
7,251.25570006061417,charlie,FR,0
14,406.9246990836889,bob,US,0
20,236.08891895499326,alice,FR,0
14,348.5391309019786,eve,DE,0
8,318.31918677282397,charlie,IL,0
20,303.3345335998896,charlie,FR,0
8,452.8099968869186,eve,US,0
9,281.9246858803919,alice,IL,0
19,280.9592644362835,bob,US,0
20,379.8887284438677,charlie,UK,0
8,345.708226685207,bob,DE,0
